{
 "Application/TargetFrameRate": 3000,
 "Application/VerticalSynchronization": false,
 "Camera/Exposure": 2.688172025955282e-05,
 "Camera/FarPlane": 1000.0,
 "Camera/FieldOfView": 1.0471975803375244,
 "Camera/NearPlane": 0.10000000149011612,
 "Camera/Position": [
  85.96678924560547,
  40.988616943359375,
  0.396308958530426
 ],
 "Camera/Rotation": [
  -0.15636396408081055,
  0.6880913972854614,
  0.15564478933811188,
  0.6912707686424255
 ],
 "Rendering/AccurateNormals": false,
 "Rendering/AmbientLight": 37000.0,
 "Rendering/AoRadius": 1.0,
 "Rendering/BackgroundColor": [
  0.30000001192092896,
  0.6499999761581421,
  0.9800000190734863
 ],
 "Rendering/BedrockColor": [
  0.5,
  0.5,
  0.5
 ],
 "Rendering/DebugLayer": -2,
 "Rendering/EnableAO": true,
 "Rendering/EnableAOInReflection": false,
 "Rendering/EnableAOInRefraction": false,
 "Rendering/EnableReflections": true,
 "Rendering/EnableRefraction": true,
 "Rendering/EnableShadows": true,
 "Rendering/EnableShadowsInReflection": false,
 "Rendering/EnableShadowsInRefraction": false,
 "Rendering/EnableSoftShadows": true,
 "Rendering/EnableWaterAbsorption": true,
 "Rendering/FineMissCount": 16,
 "Rendering/FixLightLeaks": true,
 "Rendering/MaxSoftShadowDiv": 0.4000000059604645,
 "Rendering/MissCount": 0,
 "Rendering/NormalSmoothingFactor": 1.0,
 "Rendering/RenderSand": 1,
 "Rendering/RenderWater": 1,
 "Rendering/SandColor": [
  0.8999999761581421,
  0.800000011920929,
  0.6000000238418579
 ],
 "Rendering/SmoothingRadiusInCells": 1.0,
 "Rendering/SoftShadowScale": 0.009999999776482582,
 "Rendering/SurfaceVolumePercentage": 0.5,
 "Rendering/UseCheapAbsorption": true,
 "Rendering/UseExpensiveNormals": false,
 "Rendering/UseInterpolation": 0,
 "Rendering/UseRaymarching": true,
 "Rendering/VisualScale": 1.0,
 "Rendering/WaterColor": [
  0.20000000298023224,
  0.4000000059604645,
  0.699999988079071
 ],
 "Simulation/BedrockDissolvingConstant": 0.009999999776482582,
 "Simulation/CurrentSimulationStep": 30000,
 "Simulation/CurrentStabilityStep": 400,
 "Simulation/DamageRecovery": 0.004999999888241291,
 "Simulation/DeltaTime": 0.05000000074505806,
 "Simulation/DryTalusAngle": 0.5235987901687622,
 "Simulation/EnableHorizontalErosion": true,
 "Simulation/EnableSlippage": true,
 "Simulation/EnableSupportCheck": true,
 "Simulation/EnableVerticalErosion": true,
 "Simulation/ErosionWaterMaxHeight": 10.0,
 "Simulation/Evaporation": 0.0,
 "Simulation/EvaporationEmptySpaceScale": 10.0,
 "Simulation/Gravity": -9.8100004196167,
 "Simulation/HorizontalErosionStrength": 0.10000000149011612,
 "Simulation/MaxSlopeErosionScale": 1.0,
 "Simulation/MinBedrockThickness": 1.0,
 "Simulation/MinHorizontalErosionSlope": 0.8999999761581421,
 "Simulation/MinSlopeErosionScale": 0.10000000149011612,
 "Simulation/Petrification": 9.999999747378752e-05,
 "Simulation/Rain": 0.0,
 "Simulation/SandDissolvingConstant": 0.05000000074505806,
 "Simulation/SandThreshold": 0.009999999776482582,
 "Simulation/SedimentCapacityConstant": 0.10000000149011612,
 "Simulation/SedimentDepositionConstant": 0.03999999910593033,
 "Simulation/SlippageInterpolationRange": 1.0,
 "Simulation/SourceFlux": [
  [
   0.0,
   0.0,
   0.0,
   0.0
  ],
  [
   0.0,
   0.0,
   0.0,
   0.0
  ],
  [
   0.0,
   0.0,
   0.0,
   0.0
  ],
  [
   0.0,
   0.0,
   0.0,
   0.0
  ]
 ],
 "Simulation/SourceLocations": [
  [
   230.0,
   128.0
  ],
  [
   0.0,
   0.0
  ],
  [
   0.0,
   0.0
  ],
  [
   0.0,
   0.0
  ]
 ],
 "Simulation/SourceSize": [
  2.5,
  0.0,
  0.0,
  0.0
 ],
 "Simulation/SourceStrengths": [
  0.10000000149011612,
  0.0,
  0.0,
  0.0
 ],
 "Simulation/SplitSize": 0.75,
 "Simulation/TopErosionWaterScale": 1.0,
 "Simulation/UseOutflowBorders": true,
 "Simulation/UseSlippageOutflowBorders": false,
 "Simulation/UseWeightInSupportCheck": true,
 "Simulation/VerticalErosionSlopeFadeStart": 0.6000000238418579,
 "Simulation/WetTalusAngle": 0.0,
 "Terrain/File": "Cave2048SmoothMax.dat",
 "Terrain/GridScale": 0.125,
 "Terrain/GridSize": [
  2048,
  2048
 ],
 "Terrain/MaxLayerCount": 8,
 "Terrain/UsedLayerCount": 4
}