{
 "Application/TargetFrameRate": 3000,
 "Application/VerticalSynchronization": false,
 "Camera/Exposure": 2.688172025955282e-05,
 "Camera/FarPlane": 1000.0,
 "Camera/FieldOfView": 1.0471975803375244,
 "Camera/NearPlane": 0.10000000149011612,
 "Camera/Position": [
  -118.14241027832031,
  19.066347122192383,
  -10.792824745178223
 ],
 "Camera/Rotation": [
  0.05365895479917526,
  0.736228346824646,
  0.058784369379282,
  -0.6720364093780518
 ],
 "Rendering/AmbientLight": 37000.0,
 "Rendering/BackgroundColor": [
  0.30000001192092896,
  0.6499999761581421,
  0.9800000190734863
 ],
 "Rendering/BedrockColor": [
  0.5,
  0.5,
  0.5
 ],
 "Rendering/RenderSand": 1,
 "Rendering/RenderWater": 1,
 "Rendering/SandColor": [
  0.8999999761581421,
  0.800000011920929,
  0.6000000238418579
 ],
 "Rendering/UseInterpolation": 1,
 "Rendering/VisualScale": 1.0,
 "Rendering/WaterColor": [
  0.20000000298023224,
  0.4000000059604645,
  0.699999988079071
 ],
 "Simulation/BedrockDissolvingConstant": 0.009999999776482582,
 "Simulation/CurrentSimulationStep": 0,
 "Simulation/CurrentStabilityStep": 0,
 "Simulation/DamageRecovery": 0.004999999888241291,
 "Simulation/DeltaTime": 0.05000000074505806,
 "Simulation/DryTalusAngle": 0.5235987901687622,
 "Simulation/EnableHorizontalErosion": true,
 "Simulation/EnableSlippage": true,
 "Simulation/EnableSupportCheck": true,
 "Simulation/EnableVerticalErosion": true,
 "Simulation/ErosionWaterMaxHeight": 10.0,
 "Simulation/Evaporation": 0.09000000357627869,
 "Simulation/EvaporationEmptySpaceScale": 10.0,
 "Simulation/Gravity": -9.8100004196167,
 "Simulation/HorizontalErosionStrength": 0.10000000149011612,
 "Simulation/MaxSlopeErosionScale": 1.0,
 "Simulation/MinBedrockThickness": 1.0,
 "Simulation/MinHorizontalErosionSlope": 0.8999999761581421,
 "Simulation/MinSlopeErosionScale": 0.10000000149011612,
 "Simulation/Petrification": 9.999999747378752e-05,
 "Simulation/Rain": 0.09000000357627869,
 "Simulation/SandDissolvingConstant": 0.05000000074505806,
 "Simulation/SandThreshold": 0.009999999776482582,
 "Simulation/SedimentCapacityConstant": 0.10000000149011612,
 "Simulation/SedimentDepositionConstant": 0.03999999910593033,
 "Simulation/SlippageInterpolationRange": 1.0,
 "Simulation/SourceLocations": [
  [
   0.0,
   0.0
  ],
  [
   0.0,
   0.0
  ],
  [
   0.0,
   0.0
  ],
  [
   0.0,
   0.0
  ]
 ],
 "Simulation/SourceSize": [
  0.0,
  0.0,
  0.0,
  0.0
 ],
 "Simulation/SourceStrengths": [
  0.0,
  0.0,
  0.0,
  0.0
 ],
 "Simulation/SplitSize": 0.75,
 "Simulation/TopErosionWaterScale": 2.0,
 "Simulation/UseOutflowBorders": false,
 "Simulation/UseWeightInSupportCheck": true,
 "Simulation/VerticalErosionSlopeFadeStart": 0.6000000238418579,
 "Simulation/WetTalusAngle": 0.0,
 "Terrain/GridScale": 1.0,
 "Terrain/GridSize": [
  256,
  256
 ],
 "Terrain/MaxLayerCount": 8,
 "Terrain/UsedLayerCount": 1
}