{
 "Application/TargetFrameRate": 3000,
 "Application/VerticalSynchronization": false,
 "Camera/Exposure": 2.688172025955282e-05,
 "Camera/FarPlane": 1000.0,
 "Camera/FieldOfView": 1.0471975803375244,
 "Camera/NearPlane": 0.10000000149011612,
 "Camera/Position": [
  168.25027465820313,
  38.974998474121094,
  -0.5627994537353516
 ],
 "Camera/Rotation": [
  -0.08017224073410034,
  0.7037057280540466,
  0.08044086396694183,
  0.7013558149337769
 ],
 "Camera/Target": [
  0.0,
  0.0,
  0.0
 ],
 "Rendering/AccurateNormals": false,
 "Rendering/AmbientLight": 37000.0,
 "Rendering/AoRadius": 2.0,
 "Rendering/BackgroundColor": [
  0.30000001192092896,
  0.6499999761581421,
  0.9800000190734863
 ],
 "Rendering/BedrockColor": [
  0.5,
  0.5,
  0.5
 ],
 "Rendering/DebugLayer": -2,
 "Rendering/EnableAO": true,
 "Rendering/EnableAOInReflection": true,
 "Rendering/EnableAOInRefraction": true,
 "Rendering/EnableReflections": true,
 "Rendering/EnableRefraction": true,
 "Rendering/EnableShadows": true,
 "Rendering/EnableShadowsInReflection": true,
 "Rendering/EnableShadowsInRefraction": true,
 "Rendering/EnableSoftShadows": true,
 "Rendering/EnableWaterAbsorption": true,
 "Rendering/FineMissCount": 16,
 "Rendering/FixLightLeaks": true,
 "Rendering/MaxSoftShadowDiv": 0.4000000059604645,
 "Rendering/MissCount": 0,
 "Rendering/NormalSmoothingFactor": 1.0,
 "Rendering/RenderSand": 1,
 "Rendering/RenderWater": 1,
 "Rendering/SandColor": [
  0.8999999761581421,
  0.800000011920929,
  0.6000000238418579
 ],
 "Rendering/SmoothingRadiusInCells": 1.0,
 "Rendering/SoftShadowScale": 0.009999999776482582,
 "Rendering/SurfaceVolumePercentage": 0.5,
 "Rendering/UseCheapAbsorption": false,
 "Rendering/UseExpensiveNormals": true,
 "Rendering/UseInterpolation": 1,
 "Rendering/UseRaymarching": true,
 "Rendering/VisualScale": 1.0,
 "Rendering/WaterColor": [
  0.20000000298023224,
  0.4000000059604645,
  0.699999988079071
 ],
 "Simulation/BedrockDissolvingConstant": 0.019999999552965164,
 "Simulation/CurrentSimulationStep": 0,
 "Simulation/CurrentStabilityStep": 0,
 "Simulation/DamageRecovery": 0.004999999888241291,
 "Simulation/DeltaTime": 0.025,
 "Simulation/DryTalusAngle": 0.5235987901687622,
 "Simulation/EnableHorizontalErosion": true,
 "Simulation/EnableSlippage": true,
 "Simulation/EnableSupportCheck": true,
 "Simulation/EnableVerticalErosion": true,
 "Simulation/ErosionWaterMaxHeight": 10.0,
 "Simulation/Evaporation": 0.0,
 "Simulation/EvaporationEmptySpaceScale": 10.0,
 "Simulation/Gravity": -9.8100004196167,
 "Simulation/HorizontalErosionStrength": 0.10000000149011612,
 "Simulation/MaxSlopeErosionScale": 1.0,
 "Simulation/MinBedrockThickness": 1.0,
 "Simulation/MinHorizontalErosionSlope": 0.8999999761581421,
 "Simulation/MinSlopeErosionScale": 0.10000000149011612,
 "Simulation/Petrification": 9.999999747378752e-05,
 "Simulation/Rain": 0.009999999776482582,
 "Simulation/SandDissolvingConstant": 0.05000000074505806,
 "Simulation/SandThreshold": 0.009999999776482582,
 "Simulation/SedimentCapacityConstant": 0.10000000149011612,
 "Simulation/SedimentDepositionConstant": 0.10000000149011612,
 "Simulation/SlippageInterpolationRange": 1.0,
 "Simulation/SourceFlux": [
  [
   0.0,
   0.0,
   0.0,
   0.0
  ],
  [
   0.0,
   0.0,
   0.0,
   0.0
  ],
  [
   0.0,
   0.0,
   0.0,
   0.0
  ],
  [
   0.0,
   0.0,
   0.0,
   0.0
  ]
 ],
 "Simulation/SourceLocations": [
  [
   0.0,
   0.0
  ],
  [
   0.0,
   0.0
  ],
  [
   0.0,
   0.0
  ],
  [
   0.0,
   0.0
  ]
 ],
 "Simulation/SourceSize": [
  0.0,
  0.0,
  0.0,
  0.0
 ],
 "Simulation/SourceStrengths": [
  0.0,
  0.0,
  0.0,
  0.0
 ],
 "Simulation/SplitSize": 0.75,
 "Simulation/TopErosionWaterScale": 2.0,
 "Simulation/UseOutflowBorders": true,
 "Simulation/UseSlippageOutflowBorders": false,
 "Simulation/UseWeightInSupportCheck": true,
 "Simulation/VerticalErosionSlopeFadeStart": 0.6000000238418579,
 "Simulation/WetTalusAngle": 0.0,
 "Terrain/File": "",
 "Terrain/GridScale": 0.0625,
 "Terrain/GridSize": [
  4096,
  4096
 ],
 "Terrain/MaxLayerCount": 4,
 "Terrain/UsedLayerCount": 1
}