{
 "Application/TargetFrameRate": 3000,
 "Application/VerticalSynchronization": false,
 "Camera/Exposure": 2.688172025955282e-05,
 "Camera/FarPlane": 1000.0,
 "Camera/FieldOfView": 1.0471975803375244,
 "Camera/NearPlane": 0.10000000149011612,
 "Camera/Position": [
  31.258554458618164,
  41.54548645019531,
  0.02867003343999386
 ],
 "Camera/Rotation": [
  -0.0680215135216713,
  0.7131230235099792,
  0.06987331807613373,
  0.6942235827445984
 ],
  "Camera/Target": [
  -21.152616500854492,
  20.36536979675293,
  -1.0199296474456787
 ],
 "Rendering/AccurateNormals": false,
 "Rendering/AmbientLight": 37000.0,
 "Rendering/AoRadius": 1.0,
 "Rendering/BackgroundColor": [
  0.30000001192092896,
  0.6499999761581421,
  0.9800000190734863
 ],
 "Rendering/BedrockColor": [
  0.5,
  0.5,
  0.5
 ],
 "Rendering/DebugLayer": -2,
 "Rendering/EnableAO": false,
 "Rendering/EnableAOInReflection": false,
 "Rendering/EnableAOInRefraction": false,
 "Rendering/EnableReflections": false,
 "Rendering/EnableRefraction": false,
 "Rendering/EnableShadows": false,
 "Rendering/EnableShadowsInReflection": false,
 "Rendering/EnableShadowsInRefraction": false,
 "Rendering/EnableSoftShadows": false,
 "Rendering/EnableWaterAbsorption": false,
 "Rendering/FineMissCount": 16,
 "Rendering/FixLightLeaks": false,
 "Rendering/MaxSoftShadowDiv": 0.4000000059604645,
 "Rendering/MissCount": 0,
 "Rendering/NormalSmoothingFactor": 1.0,
 "Rendering/RenderSand": 1,
 "Rendering/RenderWater": 1,
 "Rendering/SandColor": [
  0.8999999761581421,
  0.800000011920929,
  0.6000000238418579
 ],
 "Rendering/SmoothingRadiusInCells": 1.0,
 "Rendering/SoftShadowScale": 0.009999999776482582,
 "Rendering/SurfaceVolumePercentage": 0.5,
 "Rendering/UseCheapAbsorption": true,
 "Rendering/UseExpensiveNormals": false,
 "Rendering/UseInterpolation": 1,
 "Rendering/UseRaymarching": false,
 "Rendering/VisualScale": 1.0,
 "Rendering/WaterColor": [
  0.20000000298023224,
  0.4000000059604645,
  0.699999988079071
 ],
 "Simulation/BedrockDissolvingConstant": 0.009999999776482582,
 "Simulation/CurrentSimulationStep": 72088,
 "Simulation/CurrentStabilityStep": 40,
 "Simulation/DamageRecovery": 0.0024999999441206455,
 "Simulation/DeltaTime": 0.05000000074505806,
 "Simulation/DryTalusAngle": 0.5235987901687622,
 "Simulation/EnableHorizontalErosion": true,
 "Simulation/EnableSlippage": true,
 "Simulation/EnableSupportCheck": true,
 "Simulation/EnableVerticalErosion": true,
 "Simulation/ErosionWaterMaxHeight": 10.0,
 "Simulation/Evaporation": 0.07000000029802322,
 "Simulation/EvaporationEmptySpaceScale": 10.0,
 "Simulation/Gravity": -9.8100004196167,
 "Simulation/HorizontalErosionStrength": 0.10000000149011612,
 "Simulation/MaxSlopeErosionScale": 1.0,
 "Simulation/MinBedrockThickness": 1.0,
 "Simulation/MinHorizontalErosionSlope": 0.8999999761581421,
 "Simulation/MinSlopeErosionScale": 0.10000000149011612,
 "Simulation/Petrification": 9.999999747378752e-05,
 "Simulation/Rain": 0.07000000029802322,
 "Simulation/SandDissolvingConstant": 0.05000000074505806,
 "Simulation/SandThreshold": 0.009999999776482582,
 "Simulation/SedimentCapacityConstant": 0.009999999776482582,
 "Simulation/SedimentDepositionConstant": 0.10000000149011612,
 "Simulation/SlippageInterpolationRange": 1.0,
 "Simulation/SourceFlux": [
  [
   0.0,
   0.0,
   0.0,
   0.0
  ],
  [
   0.0,
   0.0,
   0.0,
   0.0
  ],
  [
   0.0,
   0.0,
   0.0,
   0.0
  ],
  [
   0.0,
   0.0,
   0.0,
   0.0
  ]
 ],
 "Simulation/SourceLocations": [
  [
   230.0,
   128.0
  ],
  [
   128.0,
   230.0
  ],
  [
   128.0,
   26.0
  ],
  [
   0.0,
   0.0
  ]
 ],
 "Simulation/SourceSize": [
  5.0,
  5.0,
  5.0,
  0.0
 ],
 "Simulation/SourceStrengths": [
  0.30000001192092896,
  0.30000001192092896,
  0.30000001192092896,
  0.0
 ],
 "Simulation/SplitSize": 0.75,
 "Simulation/TopErosionWaterScale": 2.0,
 "Simulation/UseOutflowBorders": false,
 "Simulation/UseSlippageOutflowBorders": false,
 "Simulation/UseWeightInSupportCheck": true,
 "Simulation/VerticalErosionSlopeFadeStart": 0.6000000238418579,
 "Simulation/WetTalusAngle": 0.0,
 "Terrain/File": "C:\\Users\\cvtag\\Desktop\\CUDA-3D-Hydraulic-Erosion-Simulation-with-Layered-Stacks\\rendering_scenes\\Arches1024SmoothHigh.dat",
 "Terrain/GridScale": 0.25,
 "Terrain/GridSize": [
  1024,
  1024
 ],
 "Terrain/MaxLayerCount": 8,
 "Terrain/UsedLayerCount": 3
}